Vehicle_ID,Recall_Number,Category,Make_Name,Model_Name
3001,1995081,Car,JAGUAR,XJ
3002,2007371,SUV,NISSAN,XTERRA
3003,2009206,A.T.V.,POLARIS,SPORTSMAN XP 850
3004,2009315,A.T.V.,POLARIS,SPORTSMAN XP 550
3005,2009315,A.T.V.,POLARIS,SPORTSMAN XP 850
3006,2009315,A.T.V.,POLARIS,SPORTSMAN X2 550
3007,2009315,A.T.V.,POLARIS,SPORTSMAN 550
3008,2009315,A.T.V.,POLARIS,SPORTSMAN XP 850
3009,2012428,Motorcycle,BMW,S1000RR
3010,2012428,Motorcycle,BMW,S1000RR
3011,2016562,SUV,KIA,SPORTAGE
3012,2016562,SUV,KIA,SPORTAGE
3013,2017085,School Bus,BLUE BIRD,VISION SCHOOL BUS
3014,2017085,School Bus,BLUE BIRD,VISION SCHOOL BUS
3015,2017086,Bus,BLUE BIRD,VISION NON-SCHOOL BUS
3016,2017086,Bus,BLUE BIRD,VISION NON-SCHOOL BUS
3017,2017103,RV Trailer,JAYCO,SEISMIC FIFTH WHEEL TRAILER
3018,2017138,A.T.V.,POLARIS,SPORTSMAN XP 850
3019,2017138,A.T.V.,POLARIS,SPORTSMAN XP 1000
3020,2017138,A.T.V.,POLARIS,SPORTSMAN XP 850
3021,2017138,A.T.V.,POLARIS,SPORTSMAN XP 1000
3022,2017327,Car,HONDA,ACCORD
3023,2017327,Car,HONDA,ACCORD
3024,2017327,Car,HONDA,ACCORD
3025,2017327,Car,HONDA,ACCORD
3026,2018024,Light Truck & Van,FORD,RANGER
3027,2018715,RV Trailer,KEYSTONE,RAPTOR
3028,2018715,RV Trailer,KEYSTONE,RAPTOR
3029,2019073,RV Trailer,KEYSTONE,BULLET
3030,2019108,RV Trailer,KEYSTONE,MONTANA
3031,2019108,RV Trailer,KEYSTONE,AVALANCHE
3032,2019108,RV Trailer,KEYSTONE,ALPINE
3033,2019108,RV Trailer,KEYSTONE,MONTANA
3034,2019108,RV Trailer,KEYSTONE,AVALANCHE
3035,2019108,RV Trailer,KEYSTONE,MONTANA HIGH COUNTRY
3036,2019154,RV Trailer,DUTCHMEN,COLEMAN
3037,2019154,RV Trailer,DUTCHMEN,APREN TRAIL
3038,2019217,Car,SUZUKI,KIZASHI
3039,2019217,Car,SUZUKI,KIZASHI
3040,2019217,Car,SUZUKI,KIZASHI
3041,2019217,Car,SUZUKI,KIZASHI
3042,2019336,Truck - Med. & H.D.,FREIGHTLINER,BUSINESS CLASS M2
3043,2019336,Truck - Med. & H.D.,FREIGHTLINER,114SD
3044,2019336,Truck - Med. & H.D.,WESTERN STAR,4700
3045,2019336,Truck - Med. & H.D.,FREIGHTLINER,108SD
3046,2019336,Truck - Med. & H.D.,FREIGHTLINER,122SD
3047,2019336,Truck - Med. & H.D.,FREIGHTLINER,BUSINESS CLASS M2
3048,2019336,Truck - Med. & H.D.,FREIGHTLINER,122SD
3049,2019336,Truck - Med. & H.D.,FREIGHTLINER,108SD
3050,2019336,Truck - Med. & H.D.,WESTERN STAR,4700
3051,2019336,Truck - Med. & H.D.,FREIGHTLINER,114SD
3052,2019336,Truck - Med. & H.D.,FREIGHTLINER,BUSINESS CLASS M2
3053,2019336,Truck - Med. & H.D.,FREIGHTLINER,122SD
3054,2019336,Truck - Med. & H.D.,FREIGHTLINER,108SD
3055,2019336,Truck - Med. & H.D.,WESTERN STAR,4700
3056,2019336,Truck - Med. & H.D.,FREIGHTLINER,114SD
3057,2019336,Truck - Med. & H.D.,FREIGHTLINER,108SD
3058,2019336,Truck - Med. & H.D.,FREIGHTLINER,BUSINESS CLASS M2
3059,2019336,Truck - Med. & H.D.,FREIGHTLINER,122SD
3060,2019336,Truck - Med. & H.D.,FREIGHTLINER,114SD
3061,2019336,Truck - Med. & H.D.,WESTERN STAR,4700
3062,2019336,Truck - Med. & H.D.,FREIGHTLINER,108SD
3063,2019336,Truck - Med. & H.D.,FREIGHTLINER,114SD
3064,2019336,Truck - Med. & H.D.,WESTERN STAR,4700
3065,2019336,Truck - Med. & H.D.,FREIGHTLINER,122SD
3066,2019336,Truck - Med. & H.D.,FREIGHTLINER,BUSINESS CLASS M2
3067,2019336,Truck - Med. & H.D.,FREIGHTLINER,114SD
3068,2019336,Truck - Med. & H.D.,FREIGHTLINER,BUSINESS CLASS M2
3069,2019336,Truck - Med. & H.D.,FREIGHTLINER,108SD
3070,2019336,Truck - Med. & H.D.,WESTERN STAR,4700
3071,2019336,Truck - Med. & H.D.,FREIGHTLINER,122SD
3072,2019336,Truck - Med. & H.D.,WESTERN STAR,4700
3073,2019336,Truck - Med. & H.D.,FREIGHTLINER,114SD
3074,2019336,Truck - Med. & H.D.,FREIGHTLINER,108SD
3075,2019336,Truck - Med. & H.D.,FREIGHTLINER,122SD
3076,2019336,Truck - Med. & H.D.,FREIGHTLINER,BUSINESS CLASS M2
3077,2019336,Truck - Med. & H.D.,FREIGHTLINER,108SD
3078,2019336,Truck - Med. & H.D.,FREIGHTLINER,114SD
3079,2019336,Truck - Med. & H.D.,FREIGHTLINER,122SD
3080,2019336,Truck - Med. & H.D.,FREIGHTLINER,BUSINESS CLASS M2
3081,2019336,Truck - Med. & H.D.,WESTERN STAR,4700
3082,2019336,Truck - Med. & H.D.,FREIGHTLINER,108SD
3083,2019336,Truck - Med. & H.D.,WESTERN STAR,4700
3084,2019336,Truck - Med. & H.D.,FREIGHTLINER,BUSINESS CLASS M2
3085,2019336,Truck - Med. & H.D.,FREIGHTLINER,122SD
3086,2019336,Truck - Med. & H.D.,FREIGHTLINER,114SD
3087,2019388,SUV,DODGE,JOURNEY
3088,2019388,SUV,DODGE,JOURNEY
3089,2019469,Car,VOLKSWAGEN,JETTA
3090,2019469,Car,VOLKSWAGEN,JETTA WAGON
3091,2019470,Car,BMW,X3
3092,2019470,SUV,BMW,X3
3093,2019470,SUV,BMW,X4
3094,2019470,SUV,BMW,3 SERIES
3095,2019470,Car,BMW,X4
3096,2019470,Car,BMW,3 SERIES
3097,2020036,Motorhome,WINNEBAGO,ADVENTURER
3098,2020064,Minivan,KIA,SEDONA
3099,2020064,SUV,KIA,SEDONA
3100,2020064,SUV,KIA,SEDONA
3101,2020064,Minivan,KIA,SEDONA
3102,2020064,SUV,KIA,SORENTO
3103,2020064,Minivan,KIA,SORENTO
3104,2020064,SUV,KIA,SEDONA
3105,2020064,Minivan,KIA,SORENTO
3106,2020064,SUV,KIA,SORENTO
3107,2020064,Minivan,KIA,SEDONA
3108,2020064,Minivan,KIA,SORENTO
3109,2020064,SUV,KIA,SEDONA
3110,2020064,Minivan,KIA,SEDONA
3111,2020064,SUV,KIA,SORENTO
3112,2020064,Minivan,KIA,SEDONA
3113,2020064,SUV,KIA,SEDONA
3114,2020087,RV Trailer,KEYSTONE,BULLET
3115,2020087,RV Trailer,KEYSTONE,BULLET
3116,2020159,Car,HYUNDAI,ELANTRA
3117,2020171,Heavy Trailer,LODE KING,STEP DECK TRAILER
3118,2020171,Heavy Trailer,LODE KING,STEP DECK TRAILER
3119,2020171,Heavy Trailer,LODE KING,STEP DECK TRAILER
3120,2020171,Heavy Trailer,LODE KING,STEP DECK TRAILER
3121,2020171,Heavy Trailer,LODE KING,STEP DECK TRAILER
3122,2020171,Heavy Trailer,LODE KING,STEP DECK TRAILER
3123,2020171,Heavy Trailer,LODE KING,STEP DECK TRAILER
3124,2020233,SUV,HYUNDAI,VERACRUZ
3125,2020233,SUV,HYUNDAI,SANTA FE
3126,2020233,SUV,HYUNDAI,VERACRUZ
3127,2020233,SUV,HYUNDAI,SANTA FE
3128,2020233,SUV,HYUNDAI,VERACRUZ
3129,2020233,SUV,HYUNDAI,SANTA FE
3130,2020233,SUV,HYUNDAI,VERACRUZ
3131,2020233,SUV,HYUNDAI,SANTA FE
3132,2020233,SUV,HYUNDAI,VERACRUZ
3133,2020233,SUV,HYUNDAI,SANTA FE
3134,2020233,SUV,HYUNDAI,SANTA FE
3135,2020233,SUV,HYUNDAI,VERACRUZ
3136,2020242,Car,NISSAN,ALTIMA
3137,2020242,Car,NISSAN,ALTIMA
3138,2020242,Car,NISSAN,ALTIMA
3139,2020242,Car,NISSAN,ALTIMA
3140,2020242,Car,NISSAN,ALTIMA
3141,2020242,Car,NISSAN,ALTIMA
3142,2020251,Heavy Trailer,LODE KING,STEP DECK TRAILER
3143,2020251,Heavy Trailer,LODE KING,STEP DECK TRAILER
3144,2020251,Heavy Trailer,LODE KING,STEP DECK TRAILER
3145,2020251,Heavy Trailer,LODE KING,STEP DECK TRAILER
3146,2020251,Heavy Trailer,LODE KING,STEP DECK TRAILER
3147,2020251,Heavy Trailer,LODE KING,STEP DECK TRAILER
3148,2020251,Heavy Trailer,LODE KING,STEP DECK TRAILER
3149,2020251,Heavy Trailer,LODE KING,STEP DECK TRAILER
3150,2020251,Heavy Trailer,LODE KING,STEP DECK TRAILER
3151,2020251,Heavy Trailer,LODE KING,STEP DECK TRAILER
3152,2020251,Heavy Trailer,LODE KING,STEP DECK TRAILER
3153,2020262,Equipment,MCNEILUS,BRIDGEMASTER MIXER
3154,2020262,Truck - Med. & H.D.,MCNEILUS,BRIDGEMASTER MIXER
3155,2020262,Equipment,MCNEILUS,BRIDGEMASTER MIXER
3156,2020262,Truck - Med. & H.D.,MCNEILUS,BRIDGEMASTER MIXER
3157,2020282,SUV,MERCEDES-BENZ,GLC CLASS
3158,2020282,SUV,MERCEDES-BENZ,C CLASS
3159,2020282,Car,MERCEDES-BENZ,GLC CLASS
3160,2020282,Car,MERCEDES-BENZ,E CLASS
3161,2020282,Car,MERCEDES-BENZ,C CLASS
3162,2020282,SUV,MERCEDES-BENZ,E CLASS
3163,2020282,SUV,MERCEDES-BENZ,C CLASS
3164,2020282,Car,MERCEDES-BENZ,E CLASS
3165,2020282,Car,MERCEDES-BENZ,C CLASS
3166,2020282,SUV,MERCEDES-BENZ,E CLASS
3167,2020282,Car,MERCEDES-BENZ,GLC CLASS
3168,2020282,SUV,MERCEDES-BENZ,GLC CLASS
3169,2020327,Equipment,CAN-AM,MAVERICK X3
3170,2020327,Equipment,CAN-AM,MAVERICK TRAIL
3171,2020327,Equipment,CAN-AM,MAVERICK X3
3172,2020327,Equipment,CAN-AM,MAVERICK X3
3173,2020327,Equipment,CAN-AM,MAVERICK SPORT
3174,2020327,Equipment,CAN-AM,MAVERICK TRAIL
3175,2020327,Equipment,CAN-AM,MAVERICK X3
3176,2020327,Equipment,CAN-AM,MAVERICK TRAIL
3177,2020327,Equipment,CAN-AM,MAVERICK SPORT
3178,2020327,Equipment,CAN-AM,MAVERICK TRAIL
3179,2020327,Equipment,CAN-AM,MAVERICK X3
3180,2020327,Equipment,CAN-AM,MAVERICK SPORT
3181,2020366,SUV,BMW,X5
3182,2020366,SUV,BMW,X6
3183,2020366,SUV,BMW,X5
3184,2020386,Motorhome,AMERICAN COACH,AMERICAN EAGLE
3185,2020386,Motorhome,AMERICAN COACH,AMERICAN EAGLE
3186,2020386,Motorhome,AMERICAN COACH,AMERICAN EAGLE
3187,2020386,Motorhome,AMERICAN COACH,AMERICAN EAGLE
3188,2020436,RV Trailer,GULF STREAM,ENLIGHTEN
3189,2020437,Motorcycle,BMW,R1200GS
3190,2020437,Motorcycle,BMW,K1200S
3191,2020437,Motorcycle,BMW,R1200RT
3192,2020437,Motorcycle,BMW,R1200GS
3193,2020437,Motorcycle,BMW,K1200S
3194,2020437,Motorcycle,BMW,R1200GS ADVENTURE
3195,2020437,Motorcycle,BMW,R1200GS
3196,2020437,Motorcycle,BMW,HP2 ENDURO
3197,2020437,Motorcycle,BMW,K1200GT
3198,2020437,Motorcycle,BMW,K1200R
3199,2020437,Motorcycle,BMW,R1200RT
3200,2020437,Motorcycle,BMW,K1200R
3201,2020437,Motorcycle,BMW,R1200S
3202,2020437,Motorcycle,BMW,K1200S
3203,2020437,Motorcycle,BMW,R1200RT
3204,2020437,Motorcycle,BMW,R1200GS
3205,2020437,Motorcycle,BMW,HP2 ENDURO
3206,2020437,Motorcycle,BMW,R1200GS ADVENTURE
3207,2020437,Motorcycle,BMW,K1200GT
3208,2020437,Motorcycle,BMW,HP2 SPORT
3209,2020437,Motorcycle,BMW,K1200S
3210,2020437,Motorcycle,BMW,R1200GS
3211,2020437,Motorcycle,BMW,K1200GT
3212,2020437,Motorcycle,BMW,R1200RT
3213,2020437,Motorcycle,BMW,K1200R
3214,2020437,Motorcycle,BMW,HP2 MEGAMOTO
3215,2020437,Motorcycle,BMW,R1200GS ADVENTURE
3216,2020437,Motorcycle,BMW,HP2 SPORT
3217,2020437,Motorcycle,BMW,K1300GT
3218,2020437,Motorcycle,BMW,K1300R
3219,2020437,Motorcycle,BMW,R1200GS ADVENTURE
3220,2020437,Motorcycle,BMW,R1200GS
3221,2020437,Motorcycle,BMW,K1300S
3222,2020437,Motorcycle,BMW,R1200RT
3223,2020437,Motorcycle,BMW,R1200GS
3224,2020437,Motorcycle,BMW,R1200RT
3225,2020437,Motorcycle,BMW,R1200GS ADVENTURE
3226,2020437,Motorcycle,BMW,K1300R
3227,2020437,Motorcycle,BMW,K1300GT
3228,2020437,Motorcycle,BMW,S1000RR
3229,2020437,Motorcycle,BMW,K1300S
3230,2020437,Motorcycle,BMW,R1200GS
3231,2020437,Motorcycle,BMW,R1200RT
3232,2020437,Motorcycle,BMW,R1200GS ADVENTURE
3233,2020437,Motorcycle,BMW,K1600GT
3234,2020437,Motorcycle,BMW,K1300GT
3235,2020437,Motorcycle,BMW,S1000RR
3236,2020437,Motorcycle,BMW,K1300S
3237,2020437,Motorcycle,BMW,K1600GTL
3238,2020437,Motorcycle,BMW,K1300R
3239,2020444,Truck - Med. & H.D.,FREIGHTLINER,CASCADIA
3240,2020444,Truck - Med. & H.D.,FREIGHTLINER,CASCADIA
3241,2020444,Truck - Med. & H.D.,FREIGHTLINER,CASCADIA
3242,2020444,Truck - Med. & H.D.,FREIGHTLINER,CASCADIA
3243,2020447,Car,GENESIS,G70
3244,2020454,Car,FORD,EXPLORER
3245,2020454,Car,FORD,EXPEDITION
3246,2020454,Car,FORD,F-350 SUPER DUTY
3247,2020454,Car,FORD,F-450 SUPER DUTY
3248,2020454,Car,FORD,F-550 SUPER DUTY
3249,2020454,Car,FORD,ESCAPE
3250,2020454,Car,FORD,F-250 SUPER DUTY
3251,2020454,Car,FORD,EDGE
3252,2020454,Car,FORD,TRANSIT
3253,2020454,Car,LINCOLN,NAUTILUS
3254,2020454,Car,LINCOLN,CORSAIR
3255,2020454,Light Truck & Van,FORD,MUSTANG
3256,2020454,Light Truck & Van,FORD,F-150
3257,2020454,Light Truck & Van,FORD,EXPLORER
3258,2020454,Light Truck & Van,FORD,EXPEDITION
3259,2020454,Light Truck & Van,FORD,F-350 SUPER DUTY
3260,2020454,Light Truck & Van,FORD,F-450 SUPER DUTY
3261,2020454,Light Truck & Van,FORD,F-550 SUPER DUTY
3262,2020454,Light Truck & Van,FORD,ESCAPE
3263,2020454,Light Truck & Van,FORD,F-250 SUPER DUTY
3264,2020454,Light Truck & Van,FORD,EDGE
3265,2020454,Light Truck & Van,FORD,TRANSIT
3266,2020454,Light Truck & Van,LINCOLN,NAUTILUS
3267,2020454,Light Truck & Van,LINCOLN,CORSAIR
3268,2020454,SUV,FORD,MUSTANG
3269,2020454,SUV,FORD,F-150
3270,2020454,SUV,FORD,EXPLORER
3271,2020454,SUV,FORD,EXPEDITION
3272,2020454,SUV,FORD,F-350 SUPER DUTY
3273,2020454,SUV,FORD,F-450 SUPER DUTY
3274,2020454,SUV,FORD,F-550 SUPER DUTY
3275,2020454,SUV,FORD,ESCAPE
3276,2020454,SUV,FORD,F-250 SUPER DUTY
3277,2020454,SUV,FORD,EDGE
3278,2020454,SUV,FORD,TRANSIT
3279,2020454,SUV,LINCOLN,NAUTILUS
3280,2020454,SUV,LINCOLN,CORSAIR
3281,2020454,Car,FORD,MUSTANG
3282,2020454,Car,FORD,F-150
3283,2020462,Car,BMW,5 SERIES
3284,2020462,Car,BMW,X3
3285,2020462,Car,BMW,X4
3286,2020462,SUV,BMW,5 SERIES
3287,2020462,SUV,BMW,X4
3288,2020462,SUV,BMW,X3
3289,2020462,SUV,BMW,X4
3290,2020462,SUV,BMW,X3
3291,2020462,Car,BMW,X4
3292,2020462,Car,BMW,X3
3293,2020469,Restricted-Use Vehicle,POLARIS,RZR PRO XP 4
3294,2020469,Restricted-Use Vehicle,POLARIS,RZR PRO XP
3295,2020469,Restricted-Use Vehicle,POLARIS,RZR PRO XP
3296,2020469,Restricted-Use Vehicle,POLARIS,RZR PRO XP 4
3297,2020469,Restricted-Use Vehicle,POLARIS,RZR TURBO S 4
3298,2020469,Restricted-Use Vehicle,POLARIS,RZR TURBO S
3299,2020469,Restricted-Use Vehicle,POLARIS,RZR XP 4 TURBO
3300,2020469,Restricted-Use Vehicle,POLARIS,RZR XP TURBO
3301,2020471,Car,FERRARI,812 SUPERFAST
3302,2020471,Car,FERRARI,812 SUPERFAST
3303,2020471,Car,FERRARI,812 SUPERFAST
3304,2020473,SUV,LAND ROVER,RANGE ROVER SPORT
3305,2020473,SUV,LAND ROVER,RANGE ROVER SPORT
3306,2020511,SUV,JEEP,CHEROKEE
3307,2020539,RV Trailer,WINNEBAGO,MICRO MINNIE
3308,2020540,Car,CHEVROLET,BOLT EV
3309,2020540,Car,CHEVROLET,BOLT EV
3310,2020540,Car,CHEVROLET,BOLT EV
3311,2020549,SUV,HYUNDAI,VERACRUZ
3312,2020549,SUV,HYUNDAI,VERACRUZ
3313,2020549,SUV,HYUNDAI,VERACRUZ
3314,2020549,SUV,HYUNDAI,VERACRUZ
3315,2020549,SUV,HYUNDAI,VERACRUZ
3316,2020549,SUV,HYUNDAI,VERACRUZ
3317,2020551,Truck - Med. & H.D.,WESTERN STAR,4900
3318,2020551,A.T.V.,WESTERN STAR,4900
3319,2020551,Truck - Med. & H.D.,PETERBILT,379
3320,2020551,A.T.V.,PETERBILT,379
3321,2020551,Truck - Med. & H.D.,PETERBILT,379
3322,2020551,A.T.V.,PETERBILT,379
3323,2020551,Truck - Med. & H.D.,KENWORTH,T800
3324,2020551,A.T.V.,KENWORTH,T800
3325,2020551,A.T.V.,KENWORTH,T800
3326,2020551,Truck - Med. & H.D.,KENWORTH,T800
3327,2020551,Truck - Med. & H.D.,KENWORTH,T370
3328,2020551,A.T.V.,KENWORTH,T370
3329,2020551,A.T.V.,WESTERN STAR,4700
3330,2020551,A.T.V.,KENWORTH,T800
3331,2020551,Truck - Med. & H.D.,WESTERN STAR,4700
3332,2020551,Truck - Med. & H.D.,KENWORTH,T800
3333,2020551,Truck - Med. & H.D.,KENWORTH,T880
3334,2020551,A.T.V.,KENWORTH,T880
3335,2020551,Truck - Med. & H.D.,KENWORTH,T800
3336,2020551,A.T.V.,KENWORTH,T800
3337,2020551,A.T.V.,PETERBILT,367
3338,2020551,Truck - Med. & H.D.,PETERBILT,367
3339,2020551,A.T.V.,MACK,GU
3340,2020551,A.T.V.,FREIGHTLINER,114SD
3341,2020551,Truck - Med. & H.D.,FREIGHTLINER,114SD
3342,2020551,Truck - Med. & H.D.,MACK,GU
3343,2020551,Truck - Med. & H.D.,INTERNATIONAL,HV
3344,2020551,Truck - Med. & H.D.,WESTERN STAR,4700
3345,2020551,Truck - Med. & H.D.,WESTERN STAR,4900
3346,2020551,A.T.V.,KENWORTH,T880
3347,2020551,A.T.V.,KENWORTH,T800
3348,2020551,A.T.V.,MACK,GRANITE
3349,2020551,A.T.V.,MACK,ANTHEM
3350,2020551,A.T.V.,FREIGHTLINER,BUSINESS CLASS M2
3351,2020551,A.T.V.,FREIGHTLINER,114SD
3352,2020551,A.T.V.,INTERNATIONAL,HX
3353,2020551,Truck - Med. & H.D.,KENWORTH,T880
3354,2020551,Truck - Med. & H.D.,KENWORTH,T800
3355,2020551,Truck - Med. & H.D.,MACK,GRANITE
3356,2020551,A.T.V.,INTERNATIONAL,HV
3357,2020551,A.T.V.,WESTERN STAR,4700
3358,2020551,A.T.V.,WESTERN STAR,4900
3359,2020551,Truck - Med. & H.D.,MACK,ANTHEM
3360,2020551,Truck - Med. & H.D.,FREIGHTLINER,BUSINESS CLASS M2
3361,2020551,Truck - Med. & H.D.,INTERNATIONAL,HX
3362,2020551,Truck - Med. & H.D.,FREIGHTLINER,114SD
3363,2020551,Truck - Med. & H.D.,INTERNATIONAL,MV
3364,2020551,Truck - Med. & H.D.,FREIGHTLINER,114SD
3365,2020551,Truck - Med. & H.D.,MACK,ANTHEM
3366,2020551,A.T.V.,PETERBILT,367
3367,2020551,A.T.V.,PETERBILT,348
3368,2020551,A.T.V.,WESTERN STAR,4900
3369,2020551,A.T.V.,WESTERN STAR,4700
3370,2020551,A.T.V.,INTERNATIONAL,HV
3371,2020551,Truck - Med. & H.D.,KENWORTH,T800
3372,2020551,Truck - Med. & H.D.,KENWORTH,T880
3373,2020551,A.T.V.,INTERNATIONAL,HX
3374,2020551,A.T.V.,INTERNATIONAL,MV
3375,2020551,A.T.V.,FREIGHTLINER,114SD
3376,2020551,A.T.V.,MACK,ANTHEM
3377,2020551,A.T.V.,KENWORTH,T800
3378,2020551,A.T.V.,KENWORTH,T880
3379,2020551,Truck - Med. & H.D.,PETERBILT,367
3380,2020551,Truck - Med. & H.D.,PETERBILT,348
3381,2020551,Truck - Med. & H.D.,WESTERN STAR,4900
3382,2020551,Truck - Med. & H.D.,WESTERN STAR,4700
3383,2020551,Truck - Med. & H.D.,INTERNATIONAL,HV
3384,2020551,Truck - Med. & H.D.,INTERNATIONAL,HX
3385,2020551,A.T.V.,INTERNATIONAL,HV
3386,2020551,Truck - Med. & H.D.,INTERNATIONAL,HV
3387,2020551,A.T.V.,KENWORTH,T880
3388,2020551,Truck - Med. & H.D.,KENWORTH,T880
3389,2020561,SUV,LINCOLN,AVIATOR
3390,2020564,RV Trailer,KEYSTONE,OUTBACK
3391,2020564,RV Trailer,KEYSTONE,OUTBACK
3392,2020564,RV Trailer,KEYSTONE,OUTBACK
3393,2020592,Car,HYUNDAI,SONATA
3394,2020592,SUV,HYUNDAI,SONATA
3395,2020592,SUV,HYUNDAI,SONATA
3396,2020592,Car,HYUNDAI,SONATA
3397,2020592,SUV,HYUNDAI,SANTA FE
3398,2020592,Car,HYUNDAI,SANTA FE
3399,2020592,Car,HYUNDAI,SONATA
3400,2020592,SUV,HYUNDAI,SONATA
3401,2020592,SUV,HYUNDAI,VELOSTER
3402,2020592,Car,HYUNDAI,VELOSTER
3403,2020592,SUV,HYUNDAI,VELOSTER
3404,2020592,Car,HYUNDAI,SONATA
3405,2020592,Car,HYUNDAI,VELOSTER
3406,2020592,SUV,HYUNDAI,SONATA
3407,2020617,SUV,MERCEDES-BENZ,CLA CLASS
3408,2020617,SUV,MERCEDES-BENZ,B CLASS
3409,2020617,Car,MERCEDES-BENZ,GLA CLASS
3410,2020617,SUV,MERCEDES-BENZ,GLA CLASS
3411,2020617,Car,MERCEDES-BENZ,B CLASS
3412,2020617,Car,MERCEDES-BENZ,CLA CLASS
3413,2020617,SUV,MERCEDES-BENZ,CLA CLASS
3414,2020617,SUV,MERCEDES-BENZ,B CLASS
3415,2020617,Car,MERCEDES-BENZ,GLA CLASS
3416,2020617,SUV,MERCEDES-BENZ,GLA CLASS
3417,2020617,Car,MERCEDES-BENZ,B CLASS
3418,2020617,Car,MERCEDES-BENZ,CLA CLASS
3419,2020617,Car,MERCEDES-BENZ,GLA CLASS
3420,2020617,Car,MERCEDES-BENZ,B CLASS
3421,2020617,Car,MERCEDES-BENZ,CLA CLASS
3422,2020617,SUV,MERCEDES-BENZ,B CLASS
3423,2020617,SUV,MERCEDES-BENZ,CLA CLASS
3424,2020617,SUV,MERCEDES-BENZ,GLA CLASS
3425,2020617,SUV,MERCEDES-BENZ,GLA CLASS
3426,2020617,Car,MERCEDES-BENZ,CLA CLASS
3427,2020617,SUV,MERCEDES-BENZ,CLA CLASS
3428,2020617,SUV,MERCEDES-BENZ,B CLASS
3429,2020617,Car,MERCEDES-BENZ,B CLASS
3430,2020617,Car,MERCEDES-BENZ,GLA CLASS
3431,2020617,Car,MERCEDES-BENZ,GLA CLASS
3432,2020617,Car,MERCEDES-BENZ,CLA CLASS
3433,2020617,Car,MERCEDES-BENZ,B CLASS
3434,2020617,SUV,MERCEDES-BENZ,B CLASS
3435,2020617,SUV,MERCEDES-BENZ,GLA CLASS
3436,2020617,SUV,MERCEDES-BENZ,CLA CLASS
3437,2020617,Car,MERCEDES-BENZ,GLA CLASS
3438,2020617,SUV,MERCEDES-BENZ,B CLASS
3439,2020617,SUV,MERCEDES-BENZ,GLA CLASS
3440,2020617,Car,MERCEDES-BENZ,B CLASS
3441,2020617,Car,MERCEDES-BENZ,CLA CLASS
3442,2020617,SUV,MERCEDES-BENZ,CLA CLASS
3443,2020617,Car,MERCEDES-BENZ,B CLASS
3444,2020617,SUV,MERCEDES-BENZ,B CLASS
3445,2020617,SUV,MERCEDES-BENZ,CLA CLASS
3446,2020617,Car,MERCEDES-BENZ,CLA CLASS
3447,2020617,SUV,MERCEDES-BENZ,GLA CLASS
3448,2020617,Car,MERCEDES-BENZ,GLA CLASS
3449,2020634,Light Truck & Van,FORD,ECOSPORT
3450,2020648,SUV,HYUNDAI,TUCSON
3451,2020648,SUV,HYUNDAI,TUCSON
3452,2020648,SUV,HYUNDAI,TUCSON
3453,2020648,SUV,HYUNDAI,TUCSON
3454,2020648,SUV,HYUNDAI,TUCSON
3455,2020648,SUV,HYUNDAI,TUCSON
3456,2020649,RV Trailer,JAYCO,NORTH POINT FIFTH WHEEL TRAILER
3457,2020649,RV Trailer,JAYCO,NORTH POINT FIFTH WHEEL TRAILER
3458,2021001,Motorhome,JAYCO,SENECA MOTORHOME
3459,2021001,Motorhome,JAYCO,SENECA MOTORHOME
3460,2021001,Motorhome,JAYCO,SENECA MOTORHOME
3461,2021001,Motorhome,JAYCO,SENECA MOTORHOME
3462,2021001,Motorhome,JAYCO,SENECA MOTORHOME
3463,2021001,Motorhome,JAYCO,SENECA MOTORHOME
3464,2021001,Motorhome,JAYCO,SENECA MOTORHOME
3465,2021056,Motorcycle,BMW,K1300R
3466,2021056,Motorcycle,BMW,S1000RR
3467,2021056,Motorcycle,BMW,R1200R
3468,2021056,Motorcycle,BMW,K1300S
3469,2021056,Motorcycle,BMW,K1600GT
3470,2021056,Motorcycle,BMW,K1600GTL
3471,2021056,Motorcycle,BMW,R1200RT
3472,2021056,Motorcycle,BMW,R1200GS
3473,2021056,Motorcycle,BMW,K1300S
3474,2021056,Motorcycle,BMW,R1200RT
3475,2021056,Motorcycle,BMW,K1300R
3476,2021056,Motorcycle,BMW,S1000RR
3477,2021056,Motorcycle,BMW,K1600GT
3478,2021056,Motorcycle,BMW,R1200GS
3479,2021056,Motorcycle,BMW,R1200R
3480,2021056,Motorcycle,BMW,K1600GTL
3481,2021056,Motorcycle,BMW,R1200R
3482,2021056,Motorcycle,BMW,R1200GS
3483,2021056,Motorcycle,BMW,K1600GTL
3484,2021056,Motorcycle,BMW,HP4
3485,2021056,Motorcycle,BMW,R1200RT
3486,2021056,Motorcycle,BMW,K1600GT
3487,2021056,Motorcycle,BMW,S1000RR
3488,2021056,Motorcycle,BMW,K1300R
3489,2021056,Motorcycle,BMW,K1300S
3490,2021056,Motorcycle,BMW,R NINE T
3491,2021056,Motorcycle,BMW,S1000RR
3492,2021056,Motorcycle,BMW,R1200RT
3493,2021056,Motorcycle,BMW,S1000R
3494,2021056,Motorcycle,BMW,HP4
3495,2021056,Motorcycle,BMW,K1600GT
3496,2021056,Motorcycle,BMW,R1200R
3497,2021056,Motorcycle,BMW,K1600GTL
3498,2021056,Motorcycle,BMW,K1300S
3499,2021062,SUV,NISSAN,ROGUE
3500,2021071,SUV,BMW,X6
